1	Title 1	Description 1	1	Excerpt 1	2022-07-07T06:49:23.279Z
2	Title 2	Description 2	2	Excerpt 2	2022-07-07T06:49:23.279Z
3	Title 3	Description 3	3	Excerpt 3	2022-07-07T06:49:23.279Z
4	Title 4	Description 4	4	Excerpt 4	2022-07-07T06:49:23.279Z
5	Title 5	Description 5	5	Excerpt 5	2022-07-07T06:49:23.279Z
6	Title 6	Description 6	6	Excerpt 6	2022-07-07T06:49:23.279Z
7	Title 7	Description 7	7	Excerpt 7	2022-07-07T06:49:23.279Z
8	Title 8	Description 8	8	Excerpt 8	2022-07-07T06:49:23.279Z
9	Title 9	Description 9	9	Excerpt 9	2022-07-07T06:49:23.279Z
10	Title 10	Description 10	10	Excerpt 10	2022-07-07T06:49:23.279Z
